{
    "alpha": 100,
    "hidden_states": {
        "Improved_Cultivar": [
            0.0,
            0.01353440699215885,
            0.01842127740149701,
            0.02484152716151572,
            0.033454614965869225,
            0.04490609053017567,
            0.06030676285222295,
            0.0802714951942303,
            0.10981807207824927,
            0.15324732629869434,
            0.2537812221609702,
            0.8292571043267541,
            1.6882016023702253,
            5.698320473805767,
            17.379395456122925,
            35.71310327692427,
            82.33483644482081,
            Infinity
        ]
    },
    "model": {
        "N0": 1250.0,
        "class": "SMCModel",
        "knots": [
            0.01353440699215885,
            0.02484152716151572,
            0.04490609053017567,
            0.0802714951942303,
            0.15324732629869434,
            0.8292571043267541,
            5.698320473805767,
            35.71310327692427
        ],
        "pid": "Improved_Cultivar",
        "spline_class": "CubicSpline",
        "y": [
            3.7519706796026413,
            3.8784900309804184,
            3.7868388911325277,
            2.81246856399499,
            0.21047344732652423,
            1.474959740777829,
            2.5187239190236563,
            3.7722223057663804
        ]
    },
    "rho": 0.009995500618671433,
    "theta": 0.0001
}