{
    "alpha": 100,
    "hidden_states": {
        "Improved_Cultivar": [
            0.0,
            0.014002100432347536,
            0.01893016000417474,
            0.02629364313022055,
            0.03475496178880366,
            0.046714578132548736,
            0.062344398875722254,
            0.08328811653484344,
            0.11225621170479987,
            0.1557113472121642,
            0.24103068314463183,
            0.7715721709140259,
            1.61278611319077,
            5.229184025372915,
            16.283439008758386,
            35.24243640831137,
            81.2555779020067,
            Infinity
        ]
    },
    "model": {
        "N0": 1250.0,
        "class": "SMCModel",
        "knots": [
            0.014002100432347536,
            0.02629364313022055,
            0.046714578132548736,
            0.08328811653484344,
            0.1557113472121642,
            0.7715721709140259,
            5.229184025372915,
            35.24243640831137
        ],
        "pid": "Improved_Cultivar",
        "spline_class": "CubicSpline",
        "y": [
            3.835371342956182,
            3.9246151327143255,
            3.746352650499771,
            2.687900117353186,
            0.10659041800561618,
            1.3959193311666633,
            2.473071148461711,
            3.7602021625768036
        ]
    },
    "rho": 0.009995530436942826,
    "theta": 0.0001
}