{
    "alpha": 100,
    "hidden_states": {
        "Early_Cultivar": [
            0.0,
            3.409884578321299e-05,
            4.7100087806575765e-05,
            6.539102985178399e-05,
            9.046960606624315e-05,
            0.0001252344601383201,
            0.00018477910633375255,
            0.0003112369749208558,
            0.3199730078913386,
            0.7109065299731332,
            1.1858879499098234,
            3.1691006091543463,
            6.705095287181775,
            15.52460620456021,
            26.305322621310854,
            40.4792838153642,
            83.80878337818224,
            Infinity
        ]
    },
    "model": {
        "N0": 1250.0,
        "class": "SMCModel",
        "knots": [
            3.409884578321299e-05,
            6.539102985178399e-05,
            0.0001252344601383201,
            0.0003112369749208558,
            0.7109065299731332,
            3.1691006091543463,
            15.52460620456021,
            40.4792838153642
        ],
        "pid": "Early_Cultivar",
        "spline_class": "CubicSpline",
        "y": [
            4.4897226342795875,
            4.651687748109789,
            5.1044549216659005,
            5.8574996337720755,
            1.052091763504577,
            2.55525959105763,
            2.9844148267134827,
            3.783726112328994
        ]
    },
    "rho": 0.009257787490794983,
    "theta": 0.0001
}