{
    "alpha": 100,
    "hidden_states": {
        "Improved_Cultivar": [
            0.0,
            0.015153152160443295,
            0.019928194762094727,
            0.027019851328072893,
            0.03555374781131736,
            0.048019850048786915,
            0.06360783185757847,
            0.08519373633956472,
            0.11540169179913248,
            0.16084126953493255,
            0.25143084244338554,
            0.8119235853353508,
            1.6824333241318485,
            5.3807947881575355,
            16.63024918394008,
            34.74729892224467,
            81.47611127918671,
            Infinity
        ]
    },
    "model": {
        "N0": 1250.0,
        "class": "SMCModel",
        "knots": [
            0.015153152160443295,
            0.027019851328072893,
            0.048019850048786915,
            0.08519373633956472,
            0.16084126953493255,
            0.8119235853353508,
            5.3807947881575355,
            34.74729892224467
        ],
        "pid": "Improved_Cultivar",
        "spline_class": "CubicSpline",
        "y": [
            3.6719293837126483,
            3.8159978008217066,
            3.7599544201345276,
            2.7916724508727935,
            0.16570410110830924,
            1.3984006909600892,
            2.475223590595926,
            3.7534047434095825
        ]
    },
    "rho": 0.00999552793334605,
    "theta": 0.0001
}