{
    "alpha": 100,
    "hidden_states": {
        "Landrace_A": [
            0.0,
            0.01637610318983015,
            0.021779671393020044,
            0.028869556107494598,
            0.03914253142961314,
            0.05257919299233103,
            0.07161515445707095,
            0.09693801770217624,
            0.13586591836881454,
            0.21228264242145323,
            0.7248904085495653,
            1.4639261185681527,
            2.645749703409484,
            7.098451993089235,
            16.458411418914636,
            33.27691538493534,
            81.31993348169469,
            Infinity
        ]
    },
    "model": {
        "N0": 1250.0,
        "class": "SMCModel",
        "knots": [
            0.01637610318983015,
            0.028869556107494598,
            0.05257919299233103,
            0.09693801770217624,
            0.21228264242145323,
            1.4639261185681527,
            7.098451993089235,
            33.27691538493534
        ],
        "pid": "Landrace_A",
        "spline_class": "CubicSpline",
        "y": [
            5.584732485556254,
            5.3169074737849575,
            4.410475868347737,
            2.8598605991712516,
            0.4337906268984603,
            1.9660535927049838,
            2.4988131021141395,
            3.7733918874334496
        ]
    },
    "rho": 0.009993947396325706,
    "theta": 0.0001
}