{
    "alpha": 100,
    "hidden_states": {
        "Wild": [
            0.0,
            0.00033142428431511326,
            1.7253526353153674,
            3.7367688823783283,
            5.725524111923939,
            7.991944192389189,
            10.645043400403512,
            14.184613912952187,
            17.683048684627433,
            21.476989564803954,
            26.021349999366983,
            31.136318942774892,
            36.91818921862624,
            43.72827827124039,
            52.21927700709175,
            64.5130195031448,
            106.23053395398927,
            Infinity
        ]
    },
    "model": {
        "N0": 1250.0,
        "class": "SMCModel",
        "knots": [
            0.00033142428431511326,
            3.7367688823783283,
            7.991944192389189,
            14.184613912952187,
            21.476989564803954,
            31.136318942774892,
            43.72827827124039,
            64.5130195031448
        ],
        "pid": "Wild",
        "spline_class": "CubicSpline",
        "y": [
            2.702506291697561,
            2.7632684665767826,
            2.9296089095420585,
            3.2890135666904254,
            3.5831222683888724,
            3.801317052849426,
            3.8104870863543723,
            3.708350399114036
        ]
    },
    "rho": 0.007316915138313704,
    "theta": 0.0001
}