{
    "alpha": 100,
    "hidden_states": {
        "Early_Cultivar": [
            0.0,
            3.672480618600503e-05,
            5.011016788044271e-05,
            6.864693920260025e-05,
            9.538753717385558e-05,
            0.0001340832077283241,
            0.00019638112651925826,
            0.00034703603725354785,
            0.4266837458486494,
            0.8847505605573653,
            1.4679220047964185,
            3.8024103180820013,
            8.07118142632207,
            16.972178082027824,
            27.627703354014123,
            41.46593506720082,
            83.47274727954752,
            Infinity
        ]
    },
    "model": {
        "N0": 1250.0,
        "class": "SMCModel",
        "knots": [
            3.672480618600503e-05,
            6.864693920260025e-05,
            0.0001340832077283241,
            0.00034703603725354785,
            0.8847505605573653,
            3.8024103180820013,
            16.972178082027824,
            41.46593506720082
        ],
        "pid": "Early_Cultivar",
        "spline_class": "CubicSpline",
        "y": [
            3.201587195205613,
            3.307431947600606,
            3.6249591402970927,
            4.035224539191518,
            1.317046284138932,
            2.6167289577985016,
            3.067231659601178,
            3.8007963919765007
        ]
    },
    "rho": 0.009849690937293808,
    "theta": 0.0001
}