{
    "alpha": 100,
    "hidden_states": {
        "Early_Cultivar": [
            0.0,
            3.691153375793042e-05,
            5.014435141414293e-05,
            6.91742061648067e-05,
            9.627396877640779e-05,
            0.0001347139113106435,
            0.00019828312282301063,
            0.00034249877281504584,
            0.370086160503003,
            0.783380905182459,
            1.3027334948087814,
            3.3588856509349574,
            7.1123742105558945,
            16.226577904913597,
            27.20146898424851,
            41.34317986924186,
            83.57927116559715,
            Infinity
        ]
    },
    "model": {
        "N0": 1250.0,
        "class": "SMCModel",
        "knots": [
            3.691153375793042e-05,
            6.91742061648067e-05,
            0.0001347139113106435,
            0.00034249877281504584,
            0.783380905182459,
            3.3588856509349574,
            16.226577904913597,
            41.34317986924186
        ],
        "pid": "Early_Cultivar",
        "spline_class": "CubicSpline",
        "y": [
            3.1132735167829853,
            3.2480441160028577,
            3.656754235011297,
            4.325213816058862,
            1.2137343125678781,
            2.561819373977445,
            3.0621825164218084,
            3.8079134430655714
        ]
    },
    "rho": 0.009838710853303257,
    "theta": 0.0001
}