{
    "alpha": 100,
    "hidden_states": {
        "Landrace_A": [
            0.0,
            2.97476001189166e-05,
            4.235966445836019e-05,
            5.8340013248065683e-05,
            7.99745989678098e-05,
            0.0001104912409058265,
            0.00015556364550662325,
            0.0002411164151917486,
            0.08498685162734991,
            0.4070171511741936,
            0.6835063313586447,
            1.093977103904763,
            2.9681219132712835,
            6.147978656797453,
            15.142210288654752,
            31.73231932562637,
            80.43323565103313,
            Infinity
        ]
    },
    "model": {
        "N0": 1250.0,
        "class": "SMCModel",
        "knots": [
            2.97476001189166e-05,
            5.8340013248065683e-05,
            0.0001104912409058265,
            0.0002411164151917486,
            0.4070171511741936,
            1.093977103904763,
            6.147978656797453,
            31.73231932562637
        ],
        "pid": "Landrace_A",
        "spline_class": "CubicSpline",
        "y": [
            4.246466982581765,
            4.665049233273012,
            5.910101360684954,
            9.210335239237125,
            0.16907038789660392,
            1.711271496824684,
            2.394610838619165,
            3.7550799205496026
        ]
    },
    "rho": 0.00999551915387448,
    "theta": 0.0001
}