{
    "alpha": 100,
    "hidden_states": {
        "Wild": [
            0.0,
            0.0004130177574661233,
            2.487677664952726,
            4.546943079808459,
            6.474183578716134,
            8.332113182388419,
            10.888243605380207,
            14.29031868770127,
            17.998496684386048,
            22.0726581047848,
            26.67667756062744,
            32.19638254441317,
            38.29226457786554,
            45.4994459198099,
            54.170884400164525,
            66.86447237580383,
            107.56353146169991,
            Infinity
        ]
    },
    "model": {
        "N0": 1250.0,
        "class": "SMCModel",
        "knots": [
            0.0004130177574661233,
            4.546943079808459,
            8.332113182388419,
            14.29031868770127,
            22.0726581047848,
            32.19638254441317,
            45.4994459198099,
            66.86447237580383
        ],
        "pid": "Wild",
        "spline_class": "CubicSpline",
        "y": [
            6.890968870267494,
            3.04573048704787,
            3.3224619712849455,
            3.0724767408951927,
            3.5631411139975437,
            3.8416190458734034,
            3.799530842218533,
            3.6996956812092336
        ]
    },
    "rho": 0.0064756642037025955,
    "theta": 0.0001
}