{
    "alpha": 100,
    "hidden_states": {
        "Early_Cultivar": [
            0.0,
            3.4350667682554246e-05,
            4.760423344669381e-05,
            6.475480643561712e-05,
            8.982026309282754e-05,
            0.00012374957212443201,
            0.00017947464969345927,
            0.0002945718176489779,
            0.2807457723648947,
            0.67571060552166,
            1.1650052578079546,
            3.5567853193611185,
            7.340484090429571,
            16.027140982802692,
            27.24906044391068,
            40.98798199885766,
            83.17934051184595,
            Infinity
        ]
    },
    "model": {
        "N0": 1250.0,
        "class": "SMCModel",
        "knots": [
            3.4350667682554246e-05,
            6.475480643561712e-05,
            0.00012374957212443201,
            0.0002945718176489779,
            0.67571060552166,
            3.5567853193611185,
            16.027140982802692,
            40.98798199885766
        ],
        "pid": "Early_Cultivar",
        "spline_class": "CubicSpline",
        "y": [
            4.548112869696308,
            4.7067481407668454,
            5.164542684866413,
            5.913114407190613,
            1.064356807681415,
            2.6125071850173156,
            3.028244534384601,
            3.8036584088359113
        ]
    },
    "rho": 0.009328110460860396,
    "theta": 0.0001
}