{
    "alpha": 100,
    "hidden_states": {
        "Landrace_B": [
            0.0,
            0.025318108573329317,
            0.034171501242996664,
            0.044445813370734284,
            0.06014947330071836,
            0.0796048195742383,
            0.10650681100148884,
            0.1420243533785602,
            0.1991919264767284,
            0.32680696547158317,
            0.9978739512755702,
            1.7917753347308416,
            4.22283069885176,
            10.063108100524424,
            21.0718728860098,
            37.24554887517255,
            82.73781280067188,
            Infinity
        ]
    },
    "model": {
        "N0": 1250.0,
        "class": "SMCModel",
        "knots": [
            0.025318108573329317,
            0.044445813370734284,
            0.0796048195742383,
            0.1420243533785602,
            0.32680696547158317,
            1.7917753347308416,
            10.063108100524424,
            37.24554887517255
        ],
        "pid": "Landrace_B",
        "spline_class": "CubicSpline",
        "y": [
            3.714594656777289,
            3.5114760481251563,
            2.670238148710823,
            1.149911309048779,
            0.12596579662168975,
            2.1197600641769285,
            2.8306886851478277,
            3.8089709252865998
        ]
    },
    "rho": 0.009995513094250182,
    "theta": 0.0001
}