{
    "alpha": 100,
    "hidden_states": {
        "Landrace_B": [
            0.0,
            0.024975081408904844,
            0.033662876257568974,
            0.04481422881856041,
            0.059636557447748116,
            0.07974305841317242,
            0.10589704896654603,
            0.1440836631869638,
            0.20129540920185454,
            0.35005918227392396,
            1.1003881486334344,
            1.9243405023334035,
            4.305155232347347,
            9.856355006488013,
            20.863097398656272,
            36.890703210884226,
            82.55497275648479,
            Infinity
        ]
    },
    "model": {
        "N0": 1250.0,
        "class": "SMCModel",
        "knots": [
            0.024975081408904844,
            0.04481422881856041,
            0.07974305841317242,
            0.1440836631869638,
            0.35005918227392396,
            1.9243405023334035,
            9.856355006488013,
            36.890703210884226
        ],
        "pid": "Landrace_B",
        "spline_class": "CubicSpline",
        "y": [
            3.869504349524995,
            3.6759500537105856,
            2.8235862016537023,
            1.1996354060795902,
            0.16802479958386593,
            2.1596788508057294,
            2.7816597523873168,
            3.793053421941311
        ]
    },
    "rho": 0.009887592114268968,
    "theta": 0.0001
}