{
    "alpha": 100,
    "hidden_states": {
        "Early_Cultivar": [
            0.0,
            3.720481895645173e-05,
            5.0701475606983824e-05,
            6.976952686901214e-05,
            9.646470735351843e-05,
            0.00013630597072092823,
            0.00019781212582768463,
            0.0003607251216505322,
            0.5059921988643877,
            1.1103198967968944,
            1.8327584181487997,
            3.9099664466554627,
            9.04933320976159,
            17.374278421808704,
            27.909008340949754,
            41.72012496007876,
            83.42543051083248,
            Infinity
        ]
    },
    "model": {
        "N0": 1250.0,
        "class": "SMCModel",
        "knots": [
            3.720481895645173e-05,
            6.976952686901214e-05,
            0.00013630597072092823,
            0.0003607251216505322,
            1.1103198967968944,
            3.9099664466554627,
            17.374278421808704,
            41.72012496007876
        ],
        "pid": "Early_Cultivar",
        "spline_class": "CubicSpline",
        "y": [
            3.219755309404216,
            3.30748956447383,
            3.554338880143106,
            3.625437655175007,
            1.5309057094823812,
            2.606344221232626,
            3.0987024267150396,
            3.8055123655725858
        ]
    },
    "rho": 0.009776364614144615,
    "theta": 0.0001
}