{
    "alpha": 100,
    "hidden_states": {
        "Improved_Cultivar": [
            0.0,
            2.7470737934486228e-05,
            3.7317625621099775e-05,
            5.035453092269782e-05,
            6.906070998123445e-05,
            9.57863085353528e-05,
            0.00013627045635195538,
            0.00020167078746695976,
            0.0003588723203227885,
            0.2991780162392354,
            0.5816769008863476,
            0.9302665697506288,
            2.5885096577361453,
            5.995838983826621,
            19.169601790755564,
            36.98892169550242,
            81.0827121017098,
            Infinity
        ]
    },
    "model": {
        "N0": 1250.0,
        "class": "SMCModel",
        "knots": [
            2.7470737934486228e-05,
            5.035453092269782e-05,
            9.57863085353528e-05,
            0.00020167078746695976,
            0.2991780162392354,
            0.9302665697506288,
            5.995838983826621,
            36.98892169550242
        ],
        "pid": "Improved_Cultivar",
        "spline_class": "CubicSpline",
        "y": [
            1.986851194561762,
            2.6167313019372824,
            4.644644495124482,
            8.754810337910222,
            -0.23894842949311862,
            1.4487946262489915,
            2.5624633505548924,
            3.768388873528181
        ]
    },
    "rho": 0.009995597042681626,
    "theta": 0.0001
}