{
    "alpha": 100,
    "hidden_states": {
        "Early_Cultivar": [
            0.0,
            3.8090057198352184e-05,
            5.1115501315609394e-05,
            6.94930850060412e-05,
            9.787368238019599e-05,
            0.00013774278721157996,
            0.00020383195212470345,
            0.0003726687702637119,
            0.39996714914005604,
            0.8177607513104069,
            1.3711489713329736,
            3.845317930530901,
            7.948361206133091,
            17.08552795462013,
            27.977820123619132,
            41.68808845520874,
            83.25351525877636,
            Infinity
        ]
    },
    "model": {
        "N0": 1250.0,
        "class": "SMCModel",
        "knots": [
            3.8090057198352184e-05,
            6.94930850060412e-05,
            0.00013774278721157996,
            0.0003726687702637119,
            0.8177607513104069,
            3.845317930530901,
            17.08552795462013,
            41.68808845520874
        ],
        "pid": "Early_Cultivar",
        "spline_class": "CubicSpline",
        "y": [
            4.535003626131225,
            4.622222855498324,
            4.9008126190585966,
            5.232615305651681,
            1.254603837918755,
            2.664260800362625,
            3.056395136661339,
            3.7979672298351272
        ]
    },
    "rho": 0.009132647761596035,
    "theta": 0.0001
}