{
    "alpha": 100,
    "hidden_states": {
        "Landrace_B": [
            0.0,
            0.021385709787109734,
            0.028639301632209246,
            0.03742104036008479,
            0.04951748254926304,
            0.06603918221604618,
            0.08947519618516886,
            0.12065892820789359,
            0.16843894613884164,
            0.2603684935090617,
            0.806510202594972,
            1.5707972614044343,
            2.6768134960790015,
            6.789490420560483,
            16.850234536719118,
            34.501621887063585,
            81.67459050062638,
            Infinity
        ]
    },
    "model": {
        "N0": 1250.0,
        "class": "SMCModel",
        "knots": [
            0.021385709787109734,
            0.03742104036008479,
            0.06603918221604618,
            0.12065892820789359,
            0.2603684935090617,
            1.5707972614044343,
            6.789490420560483,
            34.501621887063585
        ],
        "pid": "Landrace_B",
        "spline_class": "CubicSpline",
        "y": [
            3.665690167827196,
            3.553850798852333,
            3.0098273578712313,
            1.7463418158587936,
            0.11036940846230518,
            1.8498232492030513,
            2.570309608000793,
            3.7860488247460964
        ]
    },
    "rho": 0.009995624410349837,
    "theta": 0.0001
}