{
    "alpha": 100,
    "hidden_states": {
        "Landrace_A": [
            0.0,
            3.065824669799453e-05,
            4.3256573099122135e-05,
            5.7777161184074225e-05,
            7.871933355635709e-05,
            0.00010944374608058466,
            0.00015695824130449807,
            0.0002472144799379707,
            0.09602078581243717,
            0.4711409736072157,
            0.7980238437594471,
            1.2548655757568965,
            3.206180446874574,
            6.695162189789468,
            16.399645002186823,
            32.92758160755231,
            82.11310923097467,
            Infinity
        ]
    },
    "model": {
        "N0": 1250.0,
        "class": "SMCModel",
        "knots": [
            3.065824669799453e-05,
            5.7777161184074225e-05,
            0.00010944374608058466,
            0.0002472144799379707,
            0.4711409736072157,
            1.2548655757568965,
            6.695162189789468,
            32.92758160755231
        ],
        "pid": "Landrace_A",
        "spline_class": "CubicSpline",
        "y": [
            4.5376289965259415,
            4.8689534722810235,
            5.938619807400309,
            8.998868708306752,
            0.30302054206887113,
            1.841078861151671,
            2.446087734831478,
            3.781267949430778
        ]
    },
    "rho": 0.00999548291680969,
    "theta": 0.0001
}