{
    "alpha": 100,
    "hidden_states": {
        "Wild": [
            0.0,
            1.0462814600071932,
            3.3011420499568183,
            5.136952272564315,
            7.045621486272755,
            9.155017180285904,
            11.825288895244661,
            15.41395077052791,
            18.965330724739616,
            23.177332046847155,
            27.773491042763396,
            33.00877850800184,
            39.065430642379056,
            46.02214088454228,
            54.4185636992694,
            66.825237175377,
            108.03817607581684,
            Infinity
        ]
    },
    "model": {
        "N0": 1250.0,
        "class": "SMCModel",
        "knots": [
            1.0462814600071932,
            5.136952272564315,
            9.155017180285904,
            15.41395077052791,
            23.177332046847155,
            33.00877850800184,
            46.02214088454228,
            66.825237175377
        ],
        "pid": "Wild",
        "spline_class": "CubicSpline",
        "y": [
            3.012522363935414,
            2.66189176453709,
            3.268491838289448,
            3.3003858059823012,
            3.5894561805771015,
            3.811151607024697,
            3.8125298849571445,
            3.6884750769090537
        ]
    },
    "rho": 0.006639572335581421,
    "theta": 0.0001
}