{
    "alpha": 100,
    "hidden_states": {
        "Landrace_A": [
            0.0,
            3.15424476426685e-05,
            4.44115080660984e-05,
            6.112129468948134e-05,
            8.393502632116942e-05,
            0.00011655924481893812,
            0.0001657280529278397,
            0.00026115464882559393,
            0.14926321804843878,
            0.4524346300461982,
            0.7372337765045269,
            1.1899266725637612,
            3.2982276588862462,
            6.974840756549834,
            16.475591770828846,
            33.339702527500954,
            81.55664317539717,
            Infinity
        ]
    },
    "model": {
        "N0": 1250.0,
        "class": "SMCModel",
        "knots": [
            3.15424476426685e-05,
            6.112129468948134e-05,
            0.00011655924481893812,
            0.00026115464882559393,
            0.4524346300461982,
            1.1899266725637612,
            6.974840756549834,
            33.339702527500954
        ],
        "pid": "Landrace_A",
        "spline_class": "CubicSpline",
        "y": [
            3.2434174087127183,
            3.8132192153881443,
            5.478619082593796,
            9.210335761703256,
            0.26536074008322647,
            1.8081543285088146,
            2.4645477589266918,
            3.7745627618068336
        ]
    },
    "rho": 0.009995553059428952,
    "theta": 0.0001
}