{
    "alpha": 100,
    "hidden_states": {
        "Wild": [
            0.0,
            1.8365857026370693,
            3.647624222760445,
            5.413732761442892,
            7.208682200690296,
            9.284280340087829,
            12.148067690612441,
            15.189131843137849,
            18.431192942305028,
            22.808849287525238,
            27.281341562900828,
            32.58006860739162,
            38.77302773980566,
            45.90309774227045,
            54.476900333808786,
            66.79069222117373,
            107.25627140467009,
            Infinity
        ]
    },
    "model": {
        "N0": 1250.0,
        "class": "SMCModel",
        "knots": [
            1.8365857026370693,
            5.413732761442892,
            9.284280340087829,
            15.189131843137849,
            22.808849287525238,
            32.58006860739162,
            45.90309774227045,
            66.79069222117373
        ],
        "pid": "Wild",
        "spline_class": "CubicSpline",
        "y": [
            2.9114901897743426,
            2.6716569394044187,
            3.200910323517111,
            3.326843148263863,
            3.58319664514188,
            3.794148982919151,
            3.786849090737689,
            3.668974624195712
        ]
    },
    "rho": 0.006145717262142372,
    "theta": 0.0001
}