{
    "alpha": 100,
    "hidden_states": {
        "Wild": [
            0.0,
            1.1446430424709533,
            3.5118491708930577,
            5.36374321618843,
            7.033030586828206,
            8.936121955394142,
            11.201614040404511,
            14.344987028670843,
            17.820745429757334,
            21.74299619353416,
            26.40287800497299,
            31.56774431200663,
            37.74336346428372,
            44.96817360498766,
            53.809912373027394,
            66.31563499402742,
            107.25905190133048,
            Infinity
        ]
    },
    "model": {
        "N0": 1250.0,
        "class": "SMCModel",
        "knots": [
            1.1446430424709533,
            5.36374321618843,
            8.936121955394142,
            14.344987028670843,
            21.74299619353416,
            31.56774431200663,
            44.96817360498766,
            66.31563499402742
        ],
        "pid": "Wild",
        "spline_class": "CubicSpline",
        "y": [
            2.9787921669826227,
            2.6538540282559824,
            3.300361903767681,
            3.2335461757354222,
            3.4736543983120134,
            3.759938278764297,
            3.790418871449411,
            3.67099463291568
        ]
    },
    "rho": 0.006147180032380765,
    "theta": 0.0001
}