{
    "alpha": 100,
    "hidden_states": {
        "Early_Cultivar": [
            0.0,
            3.5444671979745063e-05,
            4.8112754886495615e-05,
            6.421815596920894e-05,
            8.691549947085286e-05,
            0.00012494217961190853,
            0.0001822012098996286,
            0.00030847668064087284,
            0.31895391037092613,
            0.7572212149875233,
            1.2613510619655859,
            3.1447678105819925,
            6.9148252015692595,
            15.744667526685273,
            26.834291166156838,
            40.699705106604455,
            83.84375660214052,
            Infinity
        ]
    },
    "model": {
        "N0": 1250.0,
        "class": "SMCModel",
        "knots": [
            3.5444671979745063e-05,
            6.421815596920894e-05,
            0.00012494217961190853,
            0.00030847668064087284,
            0.7572212149875233,
            3.1447678105819925,
            15.744667526685273,
            40.699705106604455
        ],
        "pid": "Early_Cultivar",
        "spline_class": "CubicSpline",
        "y": [
            3.113381333504931,
            3.279416661157147,
            3.826044405014991,
            4.81372726184146,
            1.0908315654386935,
            2.5396337205985335,
            3.028508774971251,
            3.8075574621273036
        ]
    },
    "rho": 0.00999528285287647,
    "theta": 0.0001
}