{
    "alpha": 100,
    "hidden_states": {
        "Wild": [
            0.0,
            0.5091420183523535,
            2.8841199710330065,
            4.856920303020304,
            6.672148057646294,
            8.612379091104277,
            10.975463093598908,
            14.10049303240162,
            17.754721194288475,
            21.91812258258299,
            26.516146671551763,
            31.86390266471829,
            38.04186373283032,
            45.35097065096626,
            53.948781663997366,
            66.25075548450373,
            107.86656839336767,
            Infinity
        ]
    },
    "model": {
        "N0": 1250.0,
        "class": "SMCModel",
        "knots": [
            0.5091420183523535,
            4.856920303020304,
            8.612379091104277,
            14.10049303240162,
            21.91812258258299,
            31.86390266471829,
            45.35097065096626,
            66.25075548450373
        ],
        "pid": "Wild",
        "spline_class": "CubicSpline",
        "y": [
            3.144224121441039,
            2.7159449310702892,
            3.2387030944208988,
            3.197143281246639,
            3.5318918487939697,
            3.7903116108454555,
            3.791688821440563,
            3.6862640874831865
        ]
    },
    "rho": 0.006360443957916021,
    "theta": 0.0001
}