{
    "alpha": 100,
    "hidden_states": {
        "Early_Cultivar": [
            0.0,
            3.709781490601053e-05,
            5.173461676191964e-05,
            6.987561071814772e-05,
            9.663552665456807e-05,
            0.00013660597550668106,
            0.00020011371747090203,
            0.000356402496207423,
            0.46395051338393334,
            0.9806946349252238,
            1.6041782283851496,
            3.3682569734732994,
            8.479142722045513,
            17.024175604270788,
            27.82236465342346,
            41.64560015640533,
            83.58586966856178,
            Infinity
        ]
    },
    "model": {
        "N0": 1250.0,
        "class": "SMCModel",
        "knots": [
            3.709781490601053e-05,
            6.987561071814772e-05,
            0.00013660597550668106,
            0.000356402496207423,
            0.9806946349252238,
            3.3682569734732994,
            17.024175604270788,
            41.64560015640533
        ],
        "pid": "Early_Cultivar",
        "spline_class": "CubicSpline",
        "y": [
            3.1900907604825663,
            3.294480149882078,
            3.598869848586994,
            3.918907220342404,
            1.4229048711597565,
            2.5764295154894445,
            3.07899675703501,
            3.7968382109231706
        ]
    },
    "rho": 0.009788791206314432,
    "theta": 0.0001
}