{
    "alpha": 100,
    "hidden_states": {
        "Landrace_A": [
            0.0,
            3.202920841229035e-05,
            4.51590234591237e-05,
            6.19073571890957e-05,
            8.488660702785627e-05,
            0.00011821748352777424,
            0.00017034820936660122,
            0.0002711055734874606,
            0.16840386961451265,
            0.477177904193369,
            0.7756233438596023,
            1.1983757254023508,
            3.2537273906135162,
            6.829882965552585,
            16.46634141744844,
            33.11903166581153,
            81.52448682744094,
            Infinity
        ]
    },
    "model": {
        "N0": 1250.0,
        "class": "SMCModel",
        "knots": [
            3.202920841229035e-05,
            6.19073571890957e-05,
            0.00011821748352777424,
            0.0002711055734874606,
            0.477177904193369,
            1.1983757254023508,
            6.829882965552585,
            33.11903166581153
        ],
        "pid": "Landrace_A",
        "spline_class": "CubicSpline",
        "y": [
            4.274809767268101,
            4.66697569772765,
            5.875961081866143,
            9.210334880514928,
            0.3337505468007387,
            1.8053119444184758,
            2.4593882924621684,
            3.7790303416842783
        ]
    },
    "rho": 0.009995345243220592,
    "theta": 0.0001
}