{
    "alpha": 100,
    "hidden_states": {
        "Landrace_B": [
            0.0,
            0.025698189124418146,
            0.03393983211393078,
            0.045780595243832184,
            0.060675279501873444,
            0.08176892099625277,
            0.108356824586569,
            0.14695201422908205,
            0.20390177110236068,
            0.3295374897911972,
            1.0443268954490876,
            1.8915325856359986,
            3.688376981868479,
            9.111362029525226,
            20.23578190913568,
            36.725901306686104,
            83.62567170729717,
            Infinity
        ]
    },
    "model": {
        "N0": 1250.0,
        "class": "SMCModel",
        "knots": [
            0.025698189124418146,
            0.045780595243832184,
            0.08176892099625277,
            0.14695201422908205,
            0.3295374897911972,
            1.8915325856359986,
            9.111362029525226,
            36.725901306686104
        ],
        "pid": "Landrace_B",
        "spline_class": "CubicSpline",
        "y": [
            3.653558479947858,
            3.4196051869432664,
            2.5244877370473033,
            0.9626482248070546,
            0.11938683719511736,
            2.1259832668265286,
            2.760235032057579,
            3.796358221468269
        ]
    },
    "rho": 0.009995506124130481,
    "theta": 0.0001
}