{
    "alpha": 100,
    "hidden_states": {
        "Landrace_B": [
            0.0,
            0.023647665785944023,
            0.03156029145213812,
            0.04175569655312161,
            0.05686510111163161,
            0.07571265821134533,
            0.1013889486514441,
            0.13682205512291407,
            0.19421640087181774,
            0.32217914068408215,
            1.0022139516780468,
            1.7885835343086467,
            3.900976603355963,
            9.334303996030043,
            20.513220172850264,
            36.91499094807214,
            83.01658446337089,
            Infinity
        ]
    },
    "model": {
        "N0": 1250.0,
        "class": "SMCModel",
        "knots": [
            0.023647665785944023,
            0.04175569655312161,
            0.07571265821134533,
            0.13682205512291407,
            0.32217914068408215,
            1.7885835343086467,
            9.334303996030043,
            36.91499094807214
        ],
        "pid": "Landrace_B",
        "spline_class": "CubicSpline",
        "y": [
            3.947970711905795,
            3.7447192709120607,
            2.874274161426083,
            1.3430330174178486,
            0.15347632940950284,
            2.0938334367471096,
            2.757528655825606,
            3.7930939312882876
        ]
    },
    "rho": 0.009851355229868904,
    "theta": 0.0001
}