{
    "alpha": 100,
    "hidden_states": {
        "Improved_Cultivar": [
            0.0,
            0.016028841725390406,
            0.020661295868239848,
            0.027905030588672247,
            0.03675599629408048,
            0.0496638417461262,
            0.06598260545505838,
            0.08852321767204405,
            0.11984240677325989,
            0.16766089742878404,
            0.2645177633672513,
            0.8808229107091925,
            1.7995487726462627,
            5.731324062541655,
            17.088504763692892,
            35.30560157552493,
            83.3361702513084,
            Infinity
        ]
    },
    "model": {
        "N0": 1250.0,
        "class": "SMCModel",
        "knots": [
            0.016028841725390406,
            0.027905030588672247,
            0.0496638417461262,
            0.08852321767204405,
            0.16766089742878404,
            0.8808229107091925,
            5.731324062541655,
            35.30560157552493
        ],
        "pid": "Improved_Cultivar",
        "spline_class": "CubicSpline",
        "y": [
            3.68879011893715,
            3.8767507564689816,
            3.9193583125017812,
            2.993502930123134,
            0.29782449281114376,
            1.5047897450225323,
            2.5060423454032845,
            3.7534995329067096
        ]
    },
    "rho": 0.009825120655338363,
    "theta": 0.0001
}