{
    "alpha": 100,
    "hidden_states": {
        "Wild": [
            0.0,
            0.00025946499831737245,
            1.0067836159298282,
            3.835876431107237,
            6.085982813201336,
            8.262981447659088,
            10.693858461524172,
            13.651858503377246,
            17.588977956452634,
            21.837485224547688,
            26.30508016303174,
            31.65879588687942,
            37.94602667030115,
            44.84177971374467,
            53.64327444578855,
            65.9460960484642,
            107.45335794950577,
            Infinity
        ]
    },
    "model": {
        "N0": 1250.0,
        "class": "SMCModel",
        "knots": [
            0.00025946499831737245,
            3.835876431107237,
            8.262981447659088,
            13.651858503377246,
            21.837485224547688,
            31.65879588687942,
            44.84177971374467,
            65.9460960484642
        ],
        "pid": "Wild",
        "spline_class": "CubicSpline",
        "y": [
            4.557677133774688,
            2.8714759241653995,
            3.011315268834545,
            3.208502821357334,
            3.54757428344053,
            3.786800682390453,
            3.790728747031229,
            3.7165244393206622
        ]
    },
    "rho": 0.0069425842988671774,
    "theta": 0.0001
}