{
    "alpha": 100,
    "hidden_states": {
        "Landrace_A": [
            0.0,
            0.014863824278576274,
            0.01996417693250236,
            0.02701938538720452,
            0.03737651827607609,
            0.049533582008150764,
            0.06702197632746443,
            0.09144687550047793,
            0.1273290536666319,
            0.19193490932285662,
            0.573977253190221,
            1.3037677736662021,
            2.257693076712634,
            6.317427867111077,
            14.970072475355176,
            31.74083864284622,
            80.83526976464277,
            Infinity
        ]
    },
    "model": {
        "N0": 1250.0,
        "class": "SMCModel",
        "knots": [
            0.014863824278576274,
            0.02701938538720452,
            0.049533582008150764,
            0.09144687550047793,
            0.19193490932285662,
            1.3037677736662021,
            6.317427867111077,
            31.74083864284622
        ],
        "pid": "Landrace_A",
        "spline_class": "CubicSpline",
        "y": [
            5.886519402245684,
            5.631521072658616,
            4.789210149534207,
            3.2645948966161744,
            0.5548337340262125,
            1.8802675544423815,
            2.438796985473317,
            3.7730809029614445
        ]
    },
    "rho": 0.009995312320452416,
    "theta": 0.0001
}