{
    "alpha": 100,
    "hidden_states": {
        "Wild": [
            0.0,
            0.00042537364261126877,
            2.6634636143401376,
            4.660444949579054,
            6.595966574896188,
            8.710007181829075,
            11.606301632659898,
            14.819929101553313,
            17.994067646832953,
            22.27196871390071,
            26.723085558683117,
            32.071862917160374,
            38.246595660440775,
            45.30311629546727,
            53.668631270699414,
            66.10743597945252,
            106.80503188468819,
            Infinity
        ]
    },
    "model": {
        "N0": 1250.0,
        "class": "SMCModel",
        "knots": [
            0.00042537364261126877,
            4.660444949579054,
            8.710007181829075,
            14.819929101553313,
            22.27196871390071,
            32.071862917160374,
            45.30311629546727,
            66.10743597945252
        ],
        "pid": "Wild",
        "spline_class": "CubicSpline",
        "y": [
            2.9071023020711952,
            2.9820282612836664,
            3.062394207644268,
            3.2198310856050183,
            3.5804456059807364,
            3.801828241883258,
            3.7985907356692152,
            3.7205797240209524
        ]
    },
    "rho": 0.006767552175170197,
    "theta": 0.0001
}