{
    "alpha": 100,
    "hidden_states": {
        "Wild": [
            0.0,
            0.00036079099299728796,
            2.4408938133318316,
            4.370680362770615,
            6.312074672466198,
            8.463646830200359,
            11.23536656736099,
            14.732650532595216,
            17.880179981397003,
            22.14461755958739,
            26.796682791475302,
            32.151096994450896,
            38.53486392215059,
            45.57985824124293,
            54.10812028310936,
            66.50105406870314,
            107.88020459947472,
            Infinity
        ]
    },
    "model": {
        "N0": 1250.0,
        "class": "SMCModel",
        "knots": [
            0.00036079099299728796,
            4.370680362770615,
            8.463646830200359,
            14.732650532595216,
            22.14461755958739,
            32.151096994450896,
            45.57985824124293,
            66.50105406870314
        ],
        "pid": "Wild",
        "spline_class": "CubicSpline",
        "y": [
            2.3627162997895814,
            2.96558552691281,
            3.006811749746208,
            3.2703475113840086,
            3.611811781047959,
            3.8095657354851875,
            3.7943348157331176,
            3.722311872918139
        ]
    },
    "rho": 0.00679640339205851,
    "theta": 0.0001
}