{
    "alpha": 100,
    "hidden_states": {
        "Landrace_B": [
            0.0,
            0.027563400544328803,
            0.03603184589308096,
            0.04873782935000342,
            0.06454525347083585,
            0.08691243420121951,
            0.11511672667455768,
            0.1552248129294544,
            0.21580962980785157,
            0.3537006529519934,
            1.081972099690788,
            1.9179986983918844,
            4.13057345074548,
            9.477652197749292,
            20.27136475809282,
            36.59396344746752,
            82.8704571098349,
            Infinity
        ]
    },
    "model": {
        "N0": 1250.0,
        "class": "SMCModel",
        "knots": [
            0.027563400544328803,
            0.04873782935000342,
            0.08691243420121951,
            0.1552248129294544,
            0.3537006529519934,
            1.9179986983918844,
            9.477652197749292,
            36.59396344746752
        ],
        "pid": "Landrace_B",
        "spline_class": "CubicSpline",
        "y": [
            3.5413078591952543,
            3.3613117129851813,
            2.546704049199395,
            1.0161941278007176,
            0.12786048498950056,
            2.1362309166027114,
            2.741530132014781,
            3.795205146716092
        ]
    },
    "rho": 0.009995516440387134,
    "theta": 0.0001
}