{
    "alpha": 100,
    "hidden_states": {
        "Improved_Cultivar": [
            0.0,
            0.014797180465793657,
            0.01963580647711923,
            0.026929669416622493,
            0.03610174342583964,
            0.04821280672244882,
            0.0651721319926784,
            0.08633688283728538,
            0.11778848527489263,
            0.16393120298668706,
            0.26916206134902704,
            0.8713576753743114,
            1.7162492139760013,
            5.770963403794045,
            17.418518077535126,
            35.88238191147035,
            82.86449773850435,
            Infinity
        ]
    },
    "model": {
        "N0": 1250.0,
        "class": "SMCModel",
        "knots": [
            0.014797180465793657,
            0.026929669416622493,
            0.04821280672244882,
            0.08633688283728538,
            0.16393120298668706,
            0.8713576753743114,
            5.770963403794045,
            35.88238191147035
        ],
        "pid": "Improved_Cultivar",
        "spline_class": "CubicSpline",
        "y": [
            3.8663701660493452,
            4.03736081228479,
            4.006101138392901,
            3.0128901101099617,
            0.29963542329868786,
            1.5299093121561729,
            2.547172654669545,
            3.7662931628374694
        ]
    },
    "rho": 0.009713731559804671,
    "theta": 0.0001
}