{
    "alpha": 100,
    "hidden_states": {
        "Wild": [
            0.0,
            0.0005173401378568629,
            2.663707144539226,
            4.497331788132724,
            6.369650055928449,
            8.447398734298298,
            11.023821946845594,
            14.289915438063872,
            17.578877295554868,
            21.66416399455528,
            26.34573214722451,
            31.69958543473,
            37.85650792086006,
            45.01675782143407,
            53.698417164396815,
            66.36003211676953,
            107.21372608151538,
            Infinity
        ]
    },
    "model": {
        "N0": 1250.0,
        "class": "SMCModel",
        "knots": [
            0.0005173401378568629,
            4.497331788132724,
            8.447398734298298,
            14.289915438063872,
            21.66416399455528,
            31.69958543473,
            45.01675782143407,
            66.36003211676953
        ],
        "pid": "Wild",
        "spline_class": "CubicSpline",
        "y": [
            2.8637319061718065,
            2.953724590816207,
            3.0210507444051644,
            3.193559397950212,
            3.539580796179546,
            3.785459115114502,
            3.799774405887684,
            3.71229821403203
        ]
    },
    "rho": 0.006673849151330864,
    "theta": 0.0001
}