{
    "alpha": 100,
    "hidden_states": {
        "Improved_Cultivar": [
            0.0,
            0.016605030294707848,
            0.022516690330989138,
            0.03008556234800463,
            0.03958158019332505,
            0.05276633722884029,
            0.07055648331335106,
            0.0951127412378253,
            0.1284225526444732,
            0.18039874995566285,
            0.29001228546607527,
            1.0760976550844732,
            2.21915882961567,
            6.944119605464368,
            20.043768593555306,
            37.31720257763197,
            82.50000208634341,
            Infinity
        ]
    },
    "model": {
        "N0": 1250.0,
        "class": "SMCModel",
        "knots": [
            0.016605030294707848,
            0.03008556234800463,
            0.05276633722884029,
            0.0951127412378253,
            0.18039874995566285,
            1.0760976550844732,
            6.944119605464368,
            37.31720257763197
        ],
        "pid": "Improved_Cultivar",
        "spline_class": "CubicSpline",
        "y": [
            3.783367671141846,
            3.9071602255304834,
            3.79387853011818,
            2.759129078596645,
            0.38629157642932643,
            1.7750484239424729,
            2.6259337951226596,
            3.77728107125654
        ]
    },
    "rho": 0.009682977772415799,
    "theta": 0.0001
}