{
    "alpha": 100,
    "hidden_states": {
        "Improved_Cultivar": [
            0.0,
            0.014687036543448457,
            0.01964164869683324,
            0.026257714941411596,
            0.034768264786596295,
            0.04725378584609809,
            0.06283118395009338,
            0.08460594152564077,
            0.11396159529675383,
            0.1591628366136288,
            0.24899159295088685,
            0.8595505144852973,
            1.7852487877937928,
            5.881260595871405,
            17.72769746164399,
            36.13743610972904,
            82.48134286665854,
            Infinity
        ]
    },
    "model": {
        "N0": 1250.0,
        "class": "SMCModel",
        "knots": [
            0.014687036543448457,
            0.026257714941411596,
            0.04725378584609809,
            0.08460594152564077,
            0.1591628366136288,
            0.8595505144852973,
            5.881260595871405,
            36.13743610972904
        ],
        "pid": "Improved_Cultivar",
        "spline_class": "CubicSpline",
        "y": [
            3.546428670070319,
            3.788804609060837,
            3.921009872784602,
            3.0571957140699566,
            0.38447886425795924,
            1.5044875298955083,
            2.522983277020072,
            3.762907838318213
        ]
    },
    "rho": 0.009766555604966622,
    "theta": 0.0001
}