{
    "alpha": 100,
    "hidden_states": {
        "Landrace_B": [
            0.0,
            0.026366301233680944,
            0.034288978188240886,
            0.046080570469467244,
            0.060966084400126005,
            0.08161304988849757,
            0.10820371601760417,
            0.14659783001595414,
            0.20166797046867693,
            0.32722192655672855,
            0.9838493686095141,
            1.7480680879670523,
            3.7395867628151898,
            8.881947941196906,
            19.628899219005895,
            36.17998227081354,
            81.9620048366701,
            Infinity
        ]
    },
    "model": {
        "N0": 1250.0,
        "class": "SMCModel",
        "knots": [
            0.026366301233680944,
            0.046080570469467244,
            0.08161304988849757,
            0.14659783001595414,
            0.32722192655672855,
            1.7480680879670523,
            8.881947941196906,
            36.17998227081354
        ],
        "pid": "Landrace_B",
        "spline_class": "CubicSpline",
        "y": [
            3.613724669619861,
            3.423564853804911,
            2.620845717646523,
            1.112988941798872,
            0.07024963067561114,
            2.0803234809670568,
            2.722387776507356,
            3.7897626136580005
        ]
    },
    "rho": 0.009995402443671473,
    "theta": 0.0001
}