{
    "alpha": 100,
    "hidden_states": {
        "Early_Cultivar": [
            0.0,
            3.793215033219844e-05,
            4.959520923832508e-05,
            6.660338355266071e-05,
            9.051949352033557e-05,
            0.00012865053792683216,
            0.00019194148200909317,
            0.000324902009824264,
            0.35505494171163593,
            0.8127123583593857,
            1.3585745851379405,
            3.038414942916244,
            7.583132992001285,
            16.525135718597852,
            27.58851902450864,
            41.630921167402576,
            84.36400075786011,
            Infinity
        ]
    },
    "model": {
        "N0": 1250.0,
        "class": "SMCModel",
        "knots": [
            3.793215033219844e-05,
            6.660338355266071e-05,
            0.00012865053792683216,
            0.000324902009824264,
            0.8127123583593857,
            3.038414942916244,
            16.525135718597852,
            41.630921167402576
        ],
        "pid": "Early_Cultivar",
        "spline_class": "CubicSpline",
        "y": [
            3.1358616486058515,
            3.259735561193035,
            3.688705298930795,
            4.450954703835362,
            1.1669571991663406,
            2.5240370855148235,
            3.064695176814131,
            3.8075293270056876
        ]
    },
    "rho": 0.009813025673715666,
    "theta": 0.0001
}