{
    "alpha": 100,
    "hidden_states": {
        "Early_Cultivar": [
            0.0,
            2.6659925164624513e-05,
            3.635819681054576e-05,
            4.843594358056229e-05,
            6.576984757752925e-05,
            9.100123819069261e-05,
            0.00012793904360166306,
            0.00018739379109651485,
            0.0003088131172825081,
            0.26534154985676983,
            0.6035887882391361,
            0.9783757630237468,
            2.383998166099066,
            6.06764393457846,
            18.787650187032515,
            36.315814856767375,
            80.36933391587598,
            Infinity
        ]
    },
    "model": {
        "N0": 1250.0,
        "class": "SMCModel",
        "knots": [
            2.6659925164624513e-05,
            4.843594358056229e-05,
            9.100123819069261e-05,
            0.00018739379109651485,
            0.26534154985676983,
            0.9783757630237468,
            6.06764393457846,
            36.315814856767375
        ],
        "pid": "Early_Cultivar",
        "spline_class": "CubicSpline",
        "y": [
            4.469481905004991,
            4.9349804459849915,
            6.4151069898860325,
            9.210334611411069,
            -0.19459023762349853,
            1.5306657972711308,
            2.550445198651456,
            3.7553835872845704
        ]
    },
    "rho": 0.009995545573493912,
    "theta": 0.0001
}