{
    "alpha": 100,
    "hidden_states": {
        "Improved_Cultivar": [
            0.0,
            0.015544373452664972,
            0.020689651623674837,
            0.027203739799124042,
            0.0363162957250142,
            0.04913973609955748,
            0.06525440300022238,
            0.08679142122596242,
            0.11659347545465963,
            0.16389219723184217,
            0.2667398606565723,
            0.8979303057284783,
            1.80289603580361,
            5.5826898022760165,
            17.325500986746807,
            35.41981661900993,
            81.21997983613673,
            Infinity
        ]
    },
    "model": {
        "N0": 1250.0,
        "class": "SMCModel",
        "knots": [
            0.015544373452664972,
            0.027203739799124042,
            0.04913973609955748,
            0.08679142122596242,
            0.16389219723184217,
            0.8979303057284783,
            5.5826898022760165,
            35.41981661900993
        ],
        "pid": "Improved_Cultivar",
        "spline_class": "CubicSpline",
        "y": [
            3.6358169421312407,
            3.8337473339090864,
            3.8961256145886765,
            3.0072314922741046,
            0.3283427759508632,
            1.5031199946259297,
            2.47978698695428,
            3.750628718670701
        ]
    },
    "rho": 0.009917610477802048,
    "theta": 0.0001
}