{
    "alpha": 100,
    "hidden_states": {
        "Landrace_A": [
            0.0,
            3.4863264128241503e-05,
            4.863296039208498e-05,
            6.519402534305628e-05,
            9.03066997766814e-05,
            0.00012660596706369883,
            0.00018393449532980069,
            0.0002976042942150429,
            0.23546837277783622,
            0.5881727845641856,
            0.9562054357386444,
            1.4749197439279438,
            3.709565426938846,
            7.200273816781108,
            17.462688414755963,
            34.40740207127241,
            81.00198247498649,
            Infinity
        ]
    },
    "model": {
        "N0": 1250.0,
        "class": "SMCModel",
        "knots": [
            3.4863264128241503e-05,
            6.519402534305628e-05,
            0.00012660596706369883,
            0.0002976042942150429,
            0.5881727845641856,
            1.4749197439279438,
            7.200273816781108,
            34.40740207127241
        ],
        "pid": "Landrace_A",
        "spline_class": "CubicSpline",
        "y": [
            3.140083322398331,
            3.526933216918189,
            4.771809041490781,
            7.510666267134269,
            0.4474500291832691,
            1.8587697770178866,
            2.5583751669146957,
            3.799394509095611
        ]
    },
    "rho": 0.009995625547571435,
    "theta": 0.0001
}