{
    "alpha": 100,
    "hidden_states": {
        "Landrace_A": [
            0.0,
            0.017184121407251982,
            0.022808298871434856,
            0.030766573475774838,
            0.041904888710832734,
            0.05561769771621041,
            0.07539414253720607,
            0.10216599867593726,
            0.14286046985329554,
            0.222807224617276,
            0.7192362160286327,
            1.4643793738699542,
            2.6234674705907874,
            7.025792796355472,
            16.014916393563993,
            32.41976527101774,
            82.07328940321693,
            Infinity
        ]
    },
    "model": {
        "N0": 1250.0,
        "class": "SMCModel",
        "knots": [
            0.017184121407251982,
            0.030766573475774838,
            0.05561769771621041,
            0.10216599867593726,
            0.222807224617276,
            1.4643793738699542,
            7.025792796355472,
            32.41976527101774
        ],
        "pid": "Landrace_A",
        "spline_class": "CubicSpline",
        "y": [
            4.376844965777017,
            4.222298098755246,
            3.634211744803692,
            2.4223638144194646,
            0.3071356136217226,
            1.9725987366381976,
            2.4478435560214162,
            3.7735489873695696
        ]
    },
    "rho": 0.009995527702650976,
    "theta": 0.0001
}