{
    "alpha": 100,
    "hidden_states": {
        "Landrace_B": [
            0.0,
            0.026777017702484203,
            0.035977043192163424,
            0.047392542878602326,
            0.06292469445227392,
            0.08392567645534708,
            0.11093591007304018,
            0.1510124611519462,
            0.21341846373640597,
            0.3924916375373276,
            1.1972052837059513,
            2.0877440228923403,
            5.055229597497495,
            10.740810985902236,
            21.84715409148991,
            37.58028892682782,
            82.42561094011609,
            Infinity
        ]
    },
    "model": {
        "N0": 1250.0,
        "class": "SMCModel",
        "knots": [
            0.026777017702484203,
            0.047392542878602326,
            0.08392567645534708,
            0.1510124611519462,
            0.3924916375373276,
            2.0877440228923403,
            10.740810985902236,
            37.58028892682782
        ],
        "pid": "Landrace_B",
        "spline_class": "CubicSpline",
        "y": [
            3.673247176703611,
            3.448601581569686,
            2.5476660111550204,
            0.8740648510379984,
            0.2313453452511423,
            2.2439868005590986,
            2.859827562464647,
            3.8088938636848337
        ]
    },
    "rho": 0.00999551964291431,
    "theta": 0.0001
}