{
    "alpha": 100,
    "hidden_states": {
        "Landrace_A": [
            0.0,
            0.018233214500152098,
            0.024807640047711445,
            0.03283210128931719,
            0.044097287951348214,
            0.05909446189258385,
            0.07838314843260838,
            0.10725438088596459,
            0.14809951995221354,
            0.22775108100825198,
            0.7747407320296329,
            1.5597831587195032,
            2.8353999125031266,
            7.334833226251483,
            16.866450691587907,
            33.07419119802115,
            80.91825672577306,
            Infinity
        ]
    },
    "model": {
        "N0": 1250.0,
        "class": "SMCModel",
        "knots": [
            0.018233214500152098,
            0.03283210128931719,
            0.05909446189258385,
            0.10725438088596459,
            0.22775108100825198,
            1.5597831587195032,
            7.334833226251483,
            33.07419119802115
        ],
        "pid": "Landrace_A",
        "spline_class": "CubicSpline",
        "y": [
            4.490283628295391,
            4.2743250408641,
            3.5608428328641484,
            2.262071496993149,
            0.3481550168080869,
            2.0012627292854397,
            2.522501308370154,
            3.7849497911926178
        ]
    },
    "rho": 0.009995539820293182,
    "theta": 0.0001
}