{
    "alpha": 100,
    "hidden_states": {
        "Landrace_B": [
            0.0,
            0.02403109409534522,
            0.03170755978178676,
            0.041412121395966305,
            0.055379503042641984,
            0.07435648659220455,
            0.10078688187862046,
            0.13780824088034618,
            0.1963484519350025,
            0.3584858196091309,
            1.074716263552252,
            1.8323965077613287,
            4.1924909992055355,
            9.67384511998276,
            21.10290601450891,
            37.30494525948753,
            82.57720478683382,
            Infinity
        ]
    },
    "model": {
        "N0": 1250.0,
        "class": "SMCModel",
        "knots": [
            0.02403109409534522,
            0.041412121395966305,
            0.07435648659220455,
            0.13780824088034618,
            0.3584858196091309,
            1.8323965077613287,
            9.67384511998276,
            37.30494525948753
        ],
        "pid": "Landrace_B",
        "spline_class": "CubicSpline",
        "y": [
            3.7808583555975566,
            3.5943883421187404,
            2.78570654080936,
            1.151625788294851,
            0.1404321672887048,
            2.1612924262922633,
            2.796346063739431,
            3.8010639215000848
        ]
    },
    "rho": 0.009995526134931067,
    "theta": 0.0001
}