{
    "alpha": 100,
    "hidden_states": {
        "Improved_Cultivar": [
            0.0,
            0.016018078724482344,
            0.02155437058269585,
            0.02924566281116079,
            0.038588804619908726,
            0.05134122421627339,
            0.06786717139310088,
            0.09134857624910604,
            0.12165247745642409,
            0.16906856272913617,
            0.26307430262421494,
            0.8584571748475005,
            1.7612179987367658,
            5.581333074369785,
            17.36499230993468,
            35.69324246686482,
            82.08976944773016,
            Infinity
        ]
    },
    "model": {
        "N0": 1250.0,
        "class": "SMCModel",
        "knots": [
            0.016018078724482344,
            0.02924566281116079,
            0.05134122421627339,
            0.09134857624910604,
            0.16906856272913617,
            0.8584571748475005,
            5.581333074369785,
            35.69324246686482
        ],
        "pid": "Improved_Cultivar",
        "spline_class": "CubicSpline",
        "y": [
            3.7404531085494037,
            3.8378624920049784,
            3.6736649987606445,
            2.604259345970807,
            0.16531433608821636,
            1.50429050721461,
            2.5194779843229123,
            3.7774090887114986
        ]
    },
    "rho": 0.00999551201046502,
    "theta": 0.0001
}