{
    "alpha": 100,
    "hidden_states": {
        "Improved_Cultivar": [
            0.0,
            0.01685668390986215,
            0.022610584907233035,
            0.030594036094413846,
            0.04048791604304743,
            0.0537603104873781,
            0.07189519506848137,
            0.09632679328901919,
            0.12957753963346588,
            0.18089722795272228,
            0.2856630012807094,
            1.0415215658162964,
            2.1515688741119687,
            7.026971412587779,
            19.27860646768186,
            36.84590341133658,
            83.39401139915272,
            Infinity
        ]
    },
    "model": {
        "N0": 1250.0,
        "class": "SMCModel",
        "knots": [
            0.01685668390986215,
            0.030594036094413846,
            0.0537603104873781,
            0.09632679328901919,
            0.18089722795272228,
            1.0415215658162964,
            7.026971412587779,
            36.84590341133658
        ],
        "pid": "Improved_Cultivar",
        "spline_class": "CubicSpline",
        "y": [
            3.8225418863304053,
            3.8998301998211846,
            3.7119375117833133,
            2.6402496783651563,
            0.29105788347581146,
            1.8333213355602151,
            2.6204639649022874,
            3.7591784310229164
        ]
    },
    "rho": 0.009108503458165083,
    "theta": 0.0001
}