{
    "alpha": 100,
    "hidden_states": {
        "Landrace_A": [
            0.0,
            2.9899412786473222e-05,
            4.187599875247551e-05,
            5.615805540829729e-05,
            7.705869523562956e-05,
            0.00010654448595677909,
            0.00015151297030471987,
            0.0002350521194292167,
            0.05866623410638082,
            0.44876465061308723,
            0.7735999596177527,
            1.2221364387157818,
            3.071596874530699,
            6.311991008979144,
            15.27939808334994,
            31.702296201268695,
            80.44474996678186,
            Infinity
        ]
    },
    "model": {
        "N0": 1250.0,
        "class": "SMCModel",
        "knots": [
            2.9899412786473222e-05,
            5.615805540829729e-05,
            0.00010654448595677909,
            0.0002350521194292167,
            0.44876465061308723,
            1.2221364387157818,
            6.311991008979144,
            31.702296201268695
        ],
        "pid": "Landrace_A",
        "spline_class": "CubicSpline",
        "y": [
            3.5644016978266992,
            4.095100159299959,
            5.717304826431175,
            9.210334466181346,
            0.24161546205649412,
            1.8028733673871322,
            2.3642851721024267,
            3.7581245987908822
        ]
    },
    "rho": 0.009995575693647691,
    "theta": 0.0001
}