{
    "alpha": 100,
    "hidden_states": {
        "Landrace_B": [
            0.0,
            0.022605746136384823,
            0.0305771833153754,
            0.040212238039452466,
            0.055122131396717046,
            0.0739771175793267,
            0.09974530120514856,
            0.13500871780766008,
            0.19251729158416692,
            0.32688973710231195,
            1.0512366716694908,
            1.8591441577756644,
            4.226860587108205,
            9.634940891716605,
            20.379352762615277,
            36.45108293684775,
            82.2977457937404,
            Infinity
        ]
    },
    "model": {
        "N0": 1250.0,
        "class": "SMCModel",
        "knots": [
            0.022605746136384823,
            0.040212238039452466,
            0.0739771175793267,
            0.13500871780766008,
            0.32688973710231195,
            1.8591441577756644,
            9.634940891716605,
            36.45108293684775
        ],
        "pid": "Landrace_B",
        "spline_class": "CubicSpline",
        "y": [
            3.9035813954075866,
            3.7330150566009013,
            2.896266559975141,
            1.317242244887977,
            0.12432955562370428,
            2.141842042423736,
            2.7643832473592136,
            3.7978093766372725
        ]
    },
    "rho": 0.009993644434482134,
    "theta": 0.0001
}