{
    "alpha": 100,
    "hidden_states": {
        "Landrace_B": [
            0.0,
            0.02593255159694275,
            0.03492195191964404,
            0.04631356313982225,
            0.06125079589381199,
            0.08177515356800762,
            0.10837341507246254,
            0.14751295158799846,
            0.20742066921642582,
            0.37513566530381137,
            1.123008079512887,
            1.909046232899529,
            4.237602643751959,
            9.817372842394189,
            21.07942313171165,
            37.3422228948214,
            82.72217064543467,
            Infinity
        ]
    },
    "model": {
        "N0": 1250.0,
        "class": "SMCModel",
        "knots": [
            0.02593255159694275,
            0.04631356313982225,
            0.08177515356800762,
            0.14751295158799846,
            0.37513566530381137,
            1.909046232899529,
            9.817372842394189,
            37.3422228948214
        ],
        "pid": "Landrace_B",
        "spline_class": "CubicSpline",
        "y": [
            3.891948224458547,
            3.676044448182645,
            2.7839014661207617,
            1.1145801987621828,
            0.16483896617060775,
            2.1693712794917595,
            2.78053509264759,
            3.802454365513849
        ]
    },
    "rho": 0.009854643814480658,
    "theta": 0.0001
}