{
    "alpha": 100,
    "hidden_states": {
        "Landrace_A": [
            0.0,
            3.224337687390548e-05,
            4.40205187752138e-05,
            5.905126193500921e-05,
            8.006242157902757e-05,
            0.00011191361401128267,
            0.00016154497860618582,
            0.0002479322661580247,
            0.09287058752455099,
            0.4043951010121525,
            0.6642461511332742,
            1.0865160361598583,
            2.821487922267803,
            6.3626659821795375,
            14.988257160205624,
            31.40942594622961,
            81.2316367524791,
            Infinity
        ]
    },
    "model": {
        "N0": 1250.0,
        "class": "SMCModel",
        "knots": [
            3.224337687390548e-05,
            5.905126193500921e-05,
            0.00011191361401128267,
            0.0002479322661580247,
            0.4043951010121525,
            1.0865160361598583,
            6.3626659821795375,
            31.40942594622961
        ],
        "pid": "Landrace_A",
        "spline_class": "CubicSpline",
        "y": [
            3.5375198374251497,
            3.9954312277791417,
            5.510637053573326,
            9.21033449629371,
            0.18771210265534896,
            1.712027276159443,
            2.3938739170157413,
            3.7536651988211416
        ]
    },
    "rho": 0.009995565217217185,
    "theta": 0.0001
}