{
    "alpha": 100,
    "hidden_states": {
        "Wild": [
            0.0,
            1.0091240490552935,
            3.3572044732955546,
            5.336447805707147,
            6.998963669201264,
            8.990337764608064,
            11.458872418255428,
            14.582924056711395,
            18.119820581134185,
            22.060384022199646,
            26.83389551714304,
            32.10725686986264,
            38.18690630715671,
            45.44429390033282,
            53.97983562930774,
            66.47871860710008,
            107.43249156709867,
            Infinity
        ]
    },
    "model": {
        "N0": 1250.0,
        "class": "SMCModel",
        "knots": [
            1.0091240490552935,
            5.336447805707147,
            8.990337764608064,
            14.582924056711395,
            22.060384022199646,
            32.10725686986264,
            45.44429390033282,
            66.47871860710008
        ],
        "pid": "Wild",
        "spline_class": "CubicSpline",
        "y": [
            3.0489990893951657,
            2.6750376638122937,
            3.291948454438984,
            3.2587057101812102,
            3.5198263247314854,
            3.7712039915511713,
            3.7940363884977875,
            3.687980413626105
        ]
    },
    "rho": 0.006236667424605246,
    "theta": 0.0001
}