{
    "alpha": 100,
    "hidden_states": {
        "Early_Cultivar": [
            0.0,
            3.489373943486953e-05,
            4.7562182593141016e-05,
            6.314063004058038e-05,
            8.586666145741012e-05,
            0.00012276795718090555,
            0.00017896966124884505,
            0.0002957150019886084,
            0.2718330153842094,
            0.682458318749932,
            1.1376560291978923,
            2.8467493336021277,
            6.2459134721147,
            15.342031947703731,
            26.554333805534377,
            40.90497343202652,
            83.46785693507623,
            Infinity
        ]
    },
    "model": {
        "N0": 1250.0,
        "class": "SMCModel",
        "knots": [
            3.489373943486953e-05,
            6.314063004058038e-05,
            0.00012276795718090555,
            0.0002957150019886084,
            0.682458318749932,
            2.8467493336021277,
            15.342031947703731,
            40.90497343202652
        ],
        "pid": "Early_Cultivar",
        "spline_class": "CubicSpline",
        "y": [
            3.0411311462625368,
            3.212322327847915,
            3.832359519912658,
            4.987594528631796,
            1.034926170366355,
            2.474965535925452,
            3.0413154877687436,
            3.8095921054966073
        ]
    },
    "rho": 0.009995855808747492,
    "theta": 0.0001
}